Entity,Code,Year,Public health expenditure as a share of GDP
Argentina,ARG,1880,0
Argentina,ARG,1890,0
Argentina,ARG,1900,0
Argentina,ARG,1910,0
Argentina,ARG,1920,0
Argentina,ARG,1930,0
Argentina,ARG,2000,4.499
Argentina,ARG,2001,4.594
Argentina,ARG,2002,4.034
Argentina,ARG,2003,3.774
Argentina,ARG,2004,3.746
Argentina,ARG,2005,3.915
Argentina,ARG,2006,4.019
Argentina,ARG,2007,4.257
Argentina,ARG,2008,4.509
Argentina,ARG,2009,5.672
Argentina,ARG,2010,5.572
Argentina,ARG,2011,5.688
Argentina,ARG,2012,6.144
Argentina,ARG,2013,6.264
Argentina,ARG,2014,6.361
Argentina,ARG,2015,6.853
Argentina,ARG,2016,5.619
Argentina,ARG,2017,6.644
Argentina,ARG,2018,5.883
Argentina,ARG,2019,5.857
Argentina,ARG,2020,6.644
Argentina,ARG,2021,6.25
Australia,AUS,1880,0
Australia,AUS,1890,0
Australia,AUS,1900,0
Australia,AUS,1910,0.38
Australia,AUS,1920,0.57
Australia,AUS,1930,0.44
Australia,AUS,1960,1.9194211
Australia,AUS,1961,2.0928643
Australia,AUS,1962,2.237511
Australia,AUS,1963,2.1450713
Australia,AUS,1964,2.1516094
Australia,AUS,1965,2.2281218
Australia,AUS,1966,2.18169
Australia,AUS,1967,2.0213892
Australia,AUS,1968,2.1915185
Australia,AUS,1969,2.306159
Australia,AUS,1970,2.6216624
Australia,AUS,1971,2.785
Australia,AUS,1972,2.762
Australia,AUS,1973,2.738
Australia,AUS,1974,3.121
Australia,AUS,1975,4.2
Australia,AUS,1976,3.825
Australia,AUS,1977,3.687
Australia,AUS,1978,3.68
Australia,AUS,1979,3.586
Australia,AUS,1980,3.663
Australia,AUS,1981,3.573
Australia,AUS,1982,3.594
Australia,AUS,1983,3.801
Australia,AUS,1984,4.296
Australia,AUS,1985,4.336
Australia,AUS,1986,4.4
Australia,AUS,1987,4.273
Australia,AUS,1988,4.129
Australia,AUS,1989,4.116
Australia,AUS,1990,4.28
Australia,AUS,1991,4.465
Australia,AUS,1992,4.496
Australia,AUS,1993,4.494
Australia,AUS,1994,4.503
Australia,AUS,1995,4.59
Australia,AUS,1996,4.644
Australia,AUS,1997,4.763
Australia,AUS,1998,4.897
Australia,AUS,1999,5.098
Australia,AUS,2000,5.189
Australia,AUS,2001,5.2
Australia,AUS,2002,5.402
Australia,AUS,2003,5.36
Australia,AUS,2004,5.524
Australia,AUS,2005,5.448
Australia,AUS,2006,5.445
Australia,AUS,2007,5.58
Australia,AUS,2008,5.691
Australia,AUS,2009,5.92
Australia,AUS,2010,5.778
Australia,AUS,2011,5.906
Australia,AUS,2012,5.855
Australia,AUS,2013,5.681
Australia,AUS,2014,6.638
Australia,AUS,2015,6.978
Australia,AUS,2016,6.941
Australia,AUS,2017,6.98
Australia,AUS,2018,6.992
Australia,AUS,2019,7.347
Australia,AUS,2020,7.671
Australia,AUS,2021,7.765
Australia,AUS,2022,7.212
Australia,AUS,2023,7.006
Austria,AUT,1880,0
Austria,AUT,1890,0
Austria,AUT,1900,0
Austria,AUT,1910,0
Austria,AUT,1920,0
Austria,AUT,1930,0
Austria,AUT,1960,2.6331336
Austria,AUT,1961,2.6580007
Austria,AUT,1962,2.7012048
Austria,AUT,1963,2.7754536
Austria,AUT,1964,2.7240863
Austria,AUT,1965,2.8363228
Austria,AUT,1966,2.8750608
Austria,AUT,1967,3.093795
Austria,AUT,1968,2.9914606
Austria,AUT,1969,3.1752229
Austria,AUT,1970,2.944
Austria,AUT,1971,2.921
Austria,AUT,1972,2.909
Austria,AUT,1973,2.97
Austria,AUT,1974,3.22
Austria,AUT,1975,4.414
Austria,AUT,1976,4.586
Austria,AUT,1977,4.568
Austria,AUT,1978,4.727
Austria,AUT,1979,4.61
Austria,AUT,1980,4.72
Austria,AUT,1981,4.465
Austria,AUT,1982,4.427
Austria,AUT,1983,4.339
Austria,AUT,1984,4.344
Austria,AUT,1985,4.482
Austria,AUT,1986,4.565
Austria,AUT,1987,4.779
Austria,AUT,1988,4.743
Austria,AUT,1989,4.715
Austria,AUT,1990,5.74
Austria,AUT,1991,5.792
Austria,AUT,1992,6.048
Austria,AUT,1993,6.467
Austria,AUT,1994,6.828
Austria,AUT,1995,6.716
Austria,AUT,1996,6.661
Austria,AUT,1997,6.781
Austria,AUT,1998,6.902
Austria,AUT,1999,7.037
Austria,AUT,2000,6.952
Austria,AUT,2001,6.953
Austria,AUT,2002,7.027
Austria,AUT,2003,7.112
Austria,AUT,2004,7.125
Austria,AUT,2005,7.122
Austria,AUT,2006,7.091
Austria,AUT,2007,7.089
Austria,AUT,2008,7.29
Austria,AUT,2009,7.68
Austria,AUT,2010,7.63
Austria,AUT,2011,7.481
Austria,AUT,2012,7.617
Austria,AUT,2013,7.612
Austria,AUT,2014,7.673
Austria,AUT,2015,7.678
Austria,AUT,2016,7.657
Austria,AUT,2017,7.686
Austria,AUT,2018,7.727
Austria,AUT,2019,7.873
Austria,AUT,2020,8.707
Austria,AUT,2021,9.504
Austria,AUT,2022,8.653
Austria,AUT,2023,8.451
Belgium,BEL,1880,0.06
Belgium,BEL,1890,0.11
Belgium,BEL,1900,0.12
Belgium,BEL,1910,0.18
Belgium,BEL,1920,0.21
Belgium,BEL,1930,0.09
Belgium,BEL,1992,5.665
Belgium,BEL,1993,5.701
Belgium,BEL,1994,5.502
Belgium,BEL,1995,5.774
Belgium,BEL,1996,6.109
Belgium,BEL,1997,5.785
Belgium,BEL,1998,5.833
Belgium,BEL,1999,5.938
Belgium,BEL,2000,5.968
Belgium,BEL,2001,6.146
Belgium,BEL,2002,6.139
Belgium,BEL,2003,6.783
Belgium,BEL,2004,6.986
Belgium,BEL,2005,6.889
Belgium,BEL,2006,6.801
Belgium,BEL,2007,6.769
Belgium,BEL,2008,7.259
Belgium,BEL,2009,7.864
Belgium,BEL,2010,7.768
Belgium,BEL,2011,7.882
Belgium,BEL,2012,8.02
Belgium,BEL,2013,8.025
Belgium,BEL,2014,8.067
Belgium,BEL,2015,8.237
Belgium,BEL,2016,8.276
Belgium,BEL,2017,8.279
Belgium,BEL,2018,8.311
Belgium,BEL,2019,8.089
Belgium,BEL,2020,8.796
Belgium,BEL,2021,8.462
Belgium,BEL,2022,8.082
Belgium,BEL,2023,8.202
Brazil,BRA,1880,0
Brazil,BRA,1890,0
Brazil,BRA,1900,0
Brazil,BRA,1910,0
Brazil,BRA,1920,0
Brazil,BRA,1930,0
Brazil,BRA,2000,3.47
Brazil,BRA,2001,3.513
Brazil,BRA,2002,3.686
Brazil,BRA,2003,3.51
Brazil,BRA,2004,3.467
Brazil,BRA,2005,3.345
Brazil,BRA,2006,3.542
Brazil,BRA,2007,3.485
Brazil,BRA,2008,3.505
Brazil,BRA,2009,3.708
Brazil,BRA,2010,3.577
Brazil,BRA,2011,3.467
Brazil,BRA,2012,3.356
Brazil,BRA,2013,3.556
Brazil,BRA,2014,3.709
Brazil,BRA,2015,3.861
Brazil,BRA,2016,3.952
Brazil,BRA,2017,3.959
Brazil,BRA,2018,3.897
Brazil,BRA,2019,3.93
Bulgaria,BGR,1880,0
Bulgaria,BGR,1890,0
Bulgaria,BGR,1900,0
Bulgaria,BGR,1910,0
Bulgaria,BGR,1920,0
Bulgaria,BGR,1930,0.01
Bulgaria,BGR,2005,4.128
Bulgaria,BGR,2006,3.659
Bulgaria,BGR,2007,3.457
Bulgaria,BGR,2008,3.532
Bulgaria,BGR,2009,3.583
Bulgaria,BGR,2010,3.932
Bulgaria,BGR,2011,3.86
Bulgaria,BGR,2012,3.845
Bulgaria,BGR,2013,4.056
Bulgaria,BGR,2014,4.493
Bulgaria,BGR,2015,4.15
Bulgaria,BGR,2016,4.129
Bulgaria,BGR,2017,4.224
Bulgaria,BGR,2018,4.332
Bulgaria,BGR,2019,4.297
Bulgaria,BGR,2020,5.354
Bulgaria,BGR,2021,5.598
Bulgaria,BGR,2022,4.868
Bulgaria,BGR,2023,4.831
Canada,CAN,1880,0
Canada,CAN,1890,0
Canada,CAN,1900,0
Canada,CAN,1910,0
Canada,CAN,1920,0.01
Canada,CAN,1930,0.02
Canada,CAN,1960,2.0727615
Canada,CAN,1965,2.7635906
Canada,CAN,1970,4.406
Canada,CAN,1971,4.79
Canada,CAN,1972,4.774
Canada,CAN,1973,4.555
Canada,CAN,1974,4.568
Canada,CAN,1975,4.971
Canada,CAN,1976,5.032
Canada,CAN,1977,4.989
Canada,CAN,1978,4.946
Canada,CAN,1979,4.823
Canada,CAN,1980,4.975
Canada,CAN,1981,5.167
Canada,CAN,1982,5.756
Canada,CAN,1983,5.883
Canada,CAN,1984,5.748
Canada,CAN,1985,5.712
Canada,CAN,1986,5.854
Canada,CAN,1987,5.803
Canada,CAN,1988,5.779
Canada,CAN,1989,5.921
Canada,CAN,1990,6.212
Canada,CAN,1991,6.723
Canada,CAN,1992,6.867
Canada,CAN,1993,6.651
Canada,CAN,1994,6.316
Canada,CAN,1995,6.053
Canada,CAN,1996,5.881
Canada,CAN,1997,5.802
Canada,CAN,1998,6.004
Canada,CAN,1999,5.81
Canada,CAN,2000,5.771
Canada,CAN,2001,6.012
Canada,CAN,2002,6.135
Canada,CAN,2003,6.303
Canada,CAN,2004,6.335
Canada,CAN,2005,6.312
Canada,CAN,2006,6.482
Canada,CAN,2007,6.569
Canada,CAN,2008,6.696
Canada,CAN,2009,7.519
Canada,CAN,2010,7.486
Canada,CAN,2011,7.316
Canada,CAN,2012,7.441
Canada,CAN,2013,7.409
Canada,CAN,2014,7.283
Canada,CAN,2015,7.635
Canada,CAN,2016,7.731
Canada,CAN,2017,7.618
Canada,CAN,2018,7.623
Canada,CAN,2019,7.686
Canada,CAN,2020,9.612
Canada,CAN,2021,9.061
Canada,CAN,2022,8
Canada,CAN,2023,7.912
Chile,CHL,2000,3.733
Chile,CHL,2001,3.742
Chile,CHL,2002,3.807
Chile,CHL,2003,3.786
Chile,CHL,2004,3.662
Chile,CHL,2005,3.506
Chile,CHL,2006,3.285
Chile,CHL,2007,3.416
Chile,CHL,2008,3.801
Chile,CHL,2009,4.638
Chile,CHL,2010,4.025
Chile,CHL,2011,4.043
Chile,CHL,2012,4.211
Chile,CHL,2013,4.437
Chile,CHL,2014,4.622
Chile,CHL,2015,4.906
Chile,CHL,2016,5.006
Chile,CHL,2017,5.468
Chile,CHL,2018,5.565
Chile,CHL,2019,5.68
Chile,CHL,2020,6.33
Chile,CHL,2021,5.881
Chile,CHL,2022,5.758
Chile,CHL,2023,5.833
China,CHN,2000,0.986
China,CHN,2001,0.971
China,CHN,2002,1.109
China,CHN,2003,1.251
China,CHN,2004,1.295
China,CHN,2005,1.37
China,CHN,2006,1.391
China,CHN,2007,1.436
China,CHN,2008,1.73
China,CHN,2009,2.143
China,CHN,2010,2.177
China,CHN,2011,2.315
China,CHN,2012,2.547
China,CHN,2013,2.705
China,CHN,2014,2.804
China,CHN,2015,2.986
China,CHN,2016,2.892
China,CHN,2017,2.86
China,CHN,2018,2.914
China,CHN,2019,3.015
China,CHN,2020,3.102
China,CHN,2021,2.904
Colombia,COL,2000,4.312
Colombia,COL,2001,4.577
Colombia,COL,2002,4.495
Colombia,COL,2003,4.608
Colombia,COL,2004,4.407
Colombia,COL,2005,4.499
Colombia,COL,2006,4.712
Colombia,COL,2007,4.749
Colombia,COL,2008,4.911
Colombia,COL,2009,5.438
Colombia,COL,2010,5.29
Colombia,COL,2011,5.15
Colombia,COL,2012,4.984
Colombia,COL,2013,5.304
Colombia,COL,2014,5.474
Colombia,COL,2015,5.741
Colombia,COL,2016,5.731
Colombia,COL,2017,5.882
Colombia,COL,2018,5.892
Colombia,COL,2019,5.947
Colombia,COL,2020,6.744
Colombia,COL,2021,7.067
Colombia,COL,2022,5.827
Colombia,COL,2023,5.9
Costa Rica,CRI,2000,4.335
Costa Rica,CRI,2001,4.297
Costa Rica,CRI,2002,4.65
Costa Rica,CRI,2003,4.689
Costa Rica,CRI,2004,4.431
Costa Rica,CRI,2005,4.321
Costa Rica,CRI,2006,4.641
Costa Rica,CRI,2007,4.685
Costa Rica,CRI,2008,5.121
Costa Rica,CRI,2009,5.638
Costa Rica,CRI,2010,5.871
Costa Rica,CRI,2011,5.919
Costa Rica,CRI,2012,5.766
Costa Rica,CRI,2013,5.751
Costa Rica,CRI,2014,5.59
Costa Rica,CRI,2015,5.682
Costa Rica,CRI,2016,5.494
Costa Rica,CRI,2017,5.282
Costa Rica,CRI,2018,5.379
Costa Rica,CRI,2019,5.339
Costa Rica,CRI,2020,5.931
Costa Rica,CRI,2021,5.689
Costa Rica,CRI,2022,5.209
Costa Rica,CRI,2023,5.033
Croatia,HRV,2005,5.876
Croatia,HRV,2006,5.92
Croatia,HRV,2007,6.402
Croatia,HRV,2008,6.477
Croatia,HRV,2009,6.864
Croatia,HRV,2010,6.811
Croatia,HRV,2011,5.936
Croatia,HRV,2012,6.07
Croatia,HRV,2013,5.441
Croatia,HRV,2014,5.47
Croatia,HRV,2015,5.516
Croatia,HRV,2016,5.537
Croatia,HRV,2017,5.483
Croatia,HRV,2018,5.522
Croatia,HRV,2019,5.559
Croatia,HRV,2020,6.492
Croatia,HRV,2021,6.904
Croatia,HRV,2022,6.193
Croatia,HRV,2023,6.5
Cyprus,CYP,2005,2.244
Cyprus,CYP,2006,2.336
Cyprus,CYP,2007,2.301
Cyprus,CYP,2008,2.528
Cyprus,CYP,2009,2.778
Cyprus,CYP,2010,2.999
Cyprus,CYP,2011,3.077
Cyprus,CYP,2012,3.029
Cyprus,CYP,2013,3.193
Cyprus,CYP,2014,2.984
Cyprus,CYP,2015,2.862
Cyprus,CYP,2016,2.787
Cyprus,CYP,2017,2.748
Cyprus,CYP,2018,2.869
Cyprus,CYP,2019,3.83
Cyprus,CYP,2020,6.329
Cyprus,CYP,2021,8.024
Cyprus,CYP,2022,7.377
Czechia,CZE,1990,3.604
Czechia,CZE,1991,3.703
Czechia,CZE,1992,3.762
Czechia,CZE,1993,5.002
Czechia,CZE,1994,5.095
Czechia,CZE,1995,5.115
Czechia,CZE,1996,5.01
Czechia,CZE,1997,5.002
Czechia,CZE,1998,5.006
Czechia,CZE,1999,5.193
Czechia,CZE,2000,5.12
Czechia,CZE,2001,5.239
Czechia,CZE,2002,5.56
Czechia,CZE,2003,5.832
Czechia,CZE,2004,5.638
Czechia,CZE,2005,5.506
Czechia,CZE,2006,5.32
Czechia,CZE,2007,5.069
Czechia,CZE,2008,5.197
Czechia,CZE,2009,6.036
Czechia,CZE,2010,6.44
Czechia,CZE,2011,6.395
Czechia,CZE,2012,6.452
Czechia,CZE,2013,6.356
Czechia,CZE,2014,6.404
Czechia,CZE,2015,6.213
Czechia,CZE,2016,6.273
Czechia,CZE,2017,6.228
Czechia,CZE,2018,6.341
Czechia,CZE,2019,6.462
Czechia,CZE,2020,8.081
Czechia,CZE,2021,8.2
Czechia,CZE,2022,7.477
Czechia,CZE,2023,7.259
Denmark,DNK,1880,0.1
Denmark,DNK,1890,0.28
Denmark,DNK,1900,0.46
Denmark,DNK,1910,0.44
Denmark,DNK,1920,1.15
Denmark,DNK,1930,0.7
Denmark,DNK,1960,3.7779648
Denmark,DNK,1961,4.2572722
Denmark,DNK,1962,4.437101
Denmark,DNK,1963,4.635774
Denmark,DNK,1964,4.555899
Denmark,DNK,1965,4.86696
Denmark,DNK,1966,5.321642
Denmark,DNK,1967,5.8131256
Denmark,DNK,1968,6.1344647
Denmark,DNK,1969,6.348674
Denmark,DNK,1970,6.1169844
Denmark,DNK,1971,6.422
Denmark,DNK,1972,6.527
Denmark,DNK,1973,6.358
Denmark,DNK,1974,7.05
Denmark,DNK,1975,7.292
Denmark,DNK,1976,7.341
Denmark,DNK,1977,7.143
Denmark,DNK,1978,7.276
Denmark,DNK,1979,7.438
Denmark,DNK,1980,7.344
Denmark,DNK,1981,7.481
Denmark,DNK,1982,7.511
Denmark,DNK,1983,7.255
Denmark,DNK,1984,6.805
Denmark,DNK,1985,6.755
Denmark,DNK,1986,6.503
Denmark,DNK,1987,6.758
Denmark,DNK,1988,6.899
Denmark,DNK,1989,6.754
Denmark,DNK,1990,6.622
Denmark,DNK,1991,6.607
Denmark,DNK,1992,6.592
Denmark,DNK,1993,6.82
Denmark,DNK,1994,6.602
Denmark,DNK,1995,6.374
Denmark,DNK,1996,6.42
Denmark,DNK,1997,6.331
Denmark,DNK,1998,6.118
Denmark,DNK,1999,6.937
Denmark,DNK,2000,6.735
Denmark,DNK,2001,7.046
Denmark,DNK,2002,7.293
Denmark,DNK,2003,7.471
Denmark,DNK,2004,7.526
Denmark,DNK,2005,7.613
Denmark,DNK,2006,7.69
Denmark,DNK,2007,7.806
Denmark,DNK,2008,7.991
Denmark,DNK,2009,9.015
Denmark,DNK,2010,8.922
Denmark,DNK,2011,8.716
Denmark,DNK,2012,8.861
Denmark,DNK,2013,8.705
Denmark,DNK,2014,8.688
Denmark,DNK,2015,8.699
Denmark,DNK,2016,8.616
Denmark,DNK,2017,8.478
Denmark,DNK,2018,8.457
Denmark,DNK,2019,8.499
Denmark,DNK,2020,9.04
Denmark,DNK,2021,9.148
Denmark,DNK,2022,8.015
Denmark,DNK,2023,7.886
Estonia,EST,1999,4.366
Estonia,EST,2000,3.974
Estonia,EST,2001,3.746
Estonia,EST,2002,3.601
Estonia,EST,2003,3.915
Estonia,EST,2004,3.973
Estonia,EST,2005,3.943
Estonia,EST,2006,3.743
Estonia,EST,2007,3.92
Estonia,EST,2008,4.549
Estonia,EST,2009,5.271
Estonia,EST,2010,4.975
Estonia,EST,2011,4.604
Estonia,EST,2012,4.611
Estonia,EST,2013,4.685
Estonia,EST,2014,4.76
Estonia,EST,2015,4.961
Estonia,EST,2016,5.003
Estonia,EST,2017,4.854
Estonia,EST,2018,4.93
Estonia,EST,2019,5.041
Estonia,EST,2020,5.851
Estonia,EST,2021,5.743
Estonia,EST,2022,5.253
Estonia,EST,2023,5.752
Finland,FIN,1880,0.23
Finland,FIN,1890,0.34
Finland,FIN,1900,0.35
Finland,FIN,1910,0.38
Finland,FIN,1920,0.19
Finland,FIN,1930,1.28
Finland,FIN,1960,1.7948552
Finland,FIN,1961,1.8135746
Finland,FIN,1962,1.9817758
Finland,FIN,1963,2.1177485
Finland,FIN,1964,2.3127785
Finland,FIN,1965,2.7386315
Finland,FIN,1966,2.9304035
Finland,FIN,1967,3.3974204
Finland,FIN,1968,3.5401022
Finland,FIN,1969,3.6067283
Finland,FIN,1970,3.555
Finland,FIN,1971,3.756
Finland,FIN,1972,3.754
Finland,FIN,1973,3.758
Finland,FIN,1974,3.764
Finland,FIN,1975,4.35
Finland,FIN,1976,4.605
Finland,FIN,1977,4.793
Finland,FIN,1978,4.698
Finland,FIN,1979,4.62
Finland,FIN,1980,4.611
Finland,FIN,1981,4.742
Finland,FIN,1982,4.831
Finland,FIN,1983,4.836
Finland,FIN,1984,4.837
Finland,FIN,1985,5.165
Finland,FIN,1986,5.295
Finland,FIN,1987,5.426
Finland,FIN,1988,5.262
Finland,FIN,1989,5.333
Finland,FIN,1990,5.802
Finland,FIN,1991,6.681
Finland,FIN,1992,6.725
Finland,FIN,1993,5.903
Finland,FIN,1994,5.448
Finland,FIN,1995,5.239
Finland,FIN,1996,5.316
Finland,FIN,1997,5.089
Finland,FIN,1998,4.911
Finland,FIN,1999,4.841
Finland,FIN,2000,5.257
Finland,FIN,2001,5.408
Finland,FIN,2002,5.73
Finland,FIN,2003,5.991
Finland,FIN,2004,6.126
Finland,FIN,2005,6.312
Finland,FIN,2006,6.402
Finland,FIN,2007,6.239
Finland,FIN,2008,6.456
Finland,FIN,2009,7.102
Finland,FIN,2010,7.047
Finland,FIN,2011,7.158
Finland,FIN,2012,7.495
Finland,FIN,2013,7.643
Finland,FIN,2014,7.631
Finland,FIN,2015,7.421
Finland,FIN,2016,7.148
Finland,FIN,2017,6.974
Finland,FIN,2018,6.959
Finland,FIN,2019,7.142
Finland,FIN,2020,7.615
Finland,FIN,2021,7.785
Finland,FIN,2022,7.709
Finland,FIN,2023,8.2
France,FRA,1880,0.25
France,FRA,1890,0.29
France,FRA,1900,0.27
France,FRA,1910,0.26
France,FRA,1920,0.23
France,FRA,1930,0.32
France,FRA,1960,2.1924784
France,FRA,1961,2.4545488
France,FRA,1962,2.6963992
France,FRA,1963,2.9036713
France,FRA,1964,3.096216
France,FRA,1965,3.180864
France,FRA,1966,3.3426502
France,FRA,1967,3.4497068
France,FRA,1968,3.3350148
France,FRA,1969,3.6460698
France,FRA,1970,3.894
France,FRA,1971,4.0419188
France,FRA,1972,4.1747766
France,FRA,1973,4.1881986
France,FRA,1974,4.275436
France,FRA,1975,4.77
France,FRA,1976,4.757728
France,FRA,1977,4.8361664
France,FRA,1978,5.056596
France,FRA,1979,5.1890726
France,FRA,1980,5.378
France,FRA,1981,5.5994024
France,FRA,1982,5.639938
France,FRA,1983,5.690084
France,FRA,1984,5.8917303
France,FRA,1985,5.986
France,FRA,1986,5.797839
France,FRA,1987,5.809996
France,FRA,1988,5.7283096
France,FRA,1989,5.8334723
France,FRA,1990,6.076
France,FRA,1991,6.217
France,FRA,1992,6.411
France,FRA,1993,6.716
France,FRA,1994,6.656
France,FRA,1995,7.818
France,FRA,1996,7.809
France,FRA,1997,7.719
France,FRA,1998,7.628
France,FRA,1999,7.624
France,FRA,2000,7.56
France,FRA,2001,7.659
France,FRA,2002,7.935
France,FRA,2003,7.943
France,FRA,2004,8.008
France,FRA,2005,8.038
France,FRA,2006,8.021
France,FRA,2007,7.945
France,FRA,2008,8.032
France,FRA,2009,8.636
France,FRA,2010,8.561
France,FRA,2011,8.501
France,FRA,2012,8.596
France,FRA,2013,8.66
France,FRA,2014,8.781
France,FRA,2015,8.724
France,FRA,2016,9.505
France,FRA,2017,9.425
France,FRA,2018,9.316
France,FRA,2019,9.246
France,FRA,2020,10.216
France,FRA,2021,10.45
France,FRA,2022,10.068
Germany,DEU,1880,0
Germany,DEU,1890,0
Germany,DEU,1900,0
Germany,DEU,1910,0
Germany,DEU,1930,0.06
Germany,DEU,1960,3.1624267
Germany,DEU,1961,3.247294
Germany,DEU,1962,3.348275
Germany,DEU,1963,3.411143
Germany,DEU,1964,3.3989463
Germany,DEU,1965,3.6180744
Germany,DEU,1966,3.9746087
Germany,DEU,1967,4.131154
Germany,DEU,1968,4.304533
Germany,DEU,1969,4.293102
Germany,DEU,1970,4.08
Germany,DEU,1971,4.537
Germany,DEU,1972,4.845
Germany,DEU,1973,5.183
Germany,DEU,1974,5.674
Germany,DEU,1975,6.26
Germany,DEU,1976,6.274
Germany,DEU,1977,6.207
Germany,DEU,1978,6.264
Germany,DEU,1979,6.135
Germany,DEU,1980,6.303
Germany,DEU,1981,6.54
Germany,DEU,1982,6.361
Germany,DEU,1983,6.278
Germany,DEU,1984,6.387
Germany,DEU,1985,6.495
Germany,DEU,1986,6.437
Germany,DEU,1987,6.507
Germany,DEU,1988,6.624
Germany,DEU,1989,6.058
Germany,DEU,1990,6.058
Germany,DEU,1991,6.0839376
Germany,DEU,1992,7.159
Germany,DEU,1993,7.1
Germany,DEU,1994,7.327
Germany,DEU,1995,7.643
Germany,DEU,1996,7.942
Germany,DEU,1997,7.728
Germany,DEU,1998,7.681
Germany,DEU,1999,7.716
Germany,DEU,2000,7.722
Germany,DEU,2001,7.743
Germany,DEU,2002,7.904
Germany,DEU,2003,8.022
Germany,DEU,2004,7.666
Germany,DEU,2005,7.769
Germany,DEU,2006,7.628
Germany,DEU,2007,7.531
Germany,DEU,2008,7.694
Germany,DEU,2009,9.365
Germany,DEU,2010,9.236
Germany,DEU,2011,8.958
Germany,DEU,2012,9.006
Germany,DEU,2013,9.22
Germany,DEU,2014,9.285
Germany,DEU,2015,9.421
Germany,DEU,2016,9.483
Germany,DEU,2017,9.566
Germany,DEU,2018,9.66
Germany,DEU,2019,9.841
Germany,DEU,2020,10.824
Germany,DEU,2021,11.027
Germany,DEU,2022,10.925
Germany,DEU,2023,10.139
Greece,GRC,1880,0
Greece,GRC,1890,0
Greece,GRC,1900,0
Greece,GRC,1910,0
Greece,GRC,1920,0
Greece,GRC,1930,0
Greece,GRC,1960,1.3262507
Greece,GRC,1961,1.2661047
Greece,GRC,1962,1.3504457
Greece,GRC,1963,1.351102
Greece,GRC,1964,1.5016255
Greece,GRC,1965,1.5959452
Greece,GRC,1966,1.6455791
Greece,GRC,1967,1.600031
Greece,GRC,1968,1.5433462
Greece,GRC,1969,1.5437673
Greece,GRC,1970,1.5417287
Greece,GRC,1971,1.6403804
Greece,GRC,1972,1.6368481
Greece,GRC,1973,1.5559675
Greece,GRC,1974,1.7008132
Greece,GRC,1975,1.7542361
Greece,GRC,1976,1.9531536
Greece,GRC,1977,2.1776643
Greece,GRC,1978,2.2467072
Greece,GRC,1979,2.2799942
Greece,GRC,1980,2.54836
Greece,GRC,1981,2.706719
Greece,GRC,1982,2.8853061
Greece,GRC,1983,2.905518
Greece,GRC,1984,2.844404
Greece,GRC,1985,2.8172073
Greece,GRC,1986,3.092695
Greece,GRC,1987,2.9631526
Greece,GRC,1988,2.967
Greece,GRC,1989,3.387
Greece,GRC,1990,3.285
Greece,GRC,1991,3.211
Greece,GRC,1992,3.607
Greece,GRC,1993,4.046
Greece,GRC,1994,4.099
Greece,GRC,1995,4.214
Greece,GRC,1996,4.265
Greece,GRC,1997,4.147
Greece,GRC,1998,4.038
Greece,GRC,1999,4.254
Greece,GRC,2000,4.464
Greece,GRC,2001,5.049
Greece,GRC,2002,4.978
Greece,GRC,2003,5.058
Greece,GRC,2004,4.745
Greece,GRC,2005,5.21
Greece,GRC,2006,5.088
Greece,GRC,2007,5.319
Greece,GRC,2008,5.768
Greece,GRC,2009,6.427
Greece,GRC,2010,6.613
Greece,GRC,2011,6.04
Greece,GRC,2012,5.899
Greece,GRC,2013,5.238
Greece,GRC,2014,4.542
Greece,GRC,2015,4.803
Greece,GRC,2016,5.186
Greece,GRC,2017,4.926
Greece,GRC,2018,4.808
Greece,GRC,2019,5.043
Greece,GRC,2020,5.888
Greece,GRC,2021,5.707
Greece,GRC,2022,5.266
Greece,GRC,2023,5.164
Hungary,HUN,1930,0.07
Hungary,HUN,1991,5.602
Hungary,HUN,1992,5.949
Hungary,HUN,1993,5.969
Hungary,HUN,1994,6.369
Hungary,HUN,1995,5.572
Hungary,HUN,1996,5.361
Hungary,HUN,1997,5.046
Hungary,HUN,1998,4.933
Hungary,HUN,1999,4.905
Hungary,HUN,2000,4.721
Hungary,HUN,2001,4.653
Hungary,HUN,2002,4.954
Hungary,HUN,2003,5.729
Hungary,HUN,2004,5.461
Hungary,HUN,2005,5.644
Hungary,HUN,2006,5.503
Hungary,HUN,2007,4.961
Hungary,HUN,2008,4.882
Hungary,HUN,2009,4.933
Hungary,HUN,2010,4.996
Hungary,HUN,2011,4.975
Hungary,HUN,2012,4.855
Hungary,HUN,2013,4.82
Hungary,HUN,2014,4.727
Hungary,HUN,2015,4.672
Hungary,HUN,2016,4.757
Hungary,HUN,2017,4.647
Hungary,HUN,2018,4.576
Hungary,HUN,2019,4.314
Hungary,HUN,2020,5.157
Hungary,HUN,2021,5.349
Hungary,HUN,2022,4.865
Hungary,HUN,2023,4.547
Iceland,ISL,1960,1.6771704
Iceland,ISL,1961,2.1820328
Iceland,ISL,1962,2.4369142
Iceland,ISL,1963,2.0512156
Iceland,ISL,1964,2.4299912
Iceland,ISL,1965,2.3207357
Iceland,ISL,1966,2.4865024
Iceland,ISL,1967,3.004127
Iceland,ISL,1968,3.2976391
Iceland,ISL,1969,3.2585025
Iceland,ISL,1970,3.085
Iceland,ISL,1971,3.391
Iceland,ISL,1972,4.075
Iceland,ISL,1973,3.758
Iceland,ISL,1974,4.569
Iceland,ISL,1975,4.916
Iceland,ISL,1976,4.603
Iceland,ISL,1977,4.572
Iceland,ISL,1978,5.052
Iceland,ISL,1979,5.704
Iceland,ISL,1980,5.175
Iceland,ISL,1981,5.32
Iceland,ISL,1982,5.589
Iceland,ISL,1983,6.166
Iceland,ISL,1984,5.635
Iceland,ISL,1985,5.839
Iceland,ISL,1986,6.198
Iceland,ISL,1987,6.411
Iceland,ISL,1988,6.906
Iceland,ISL,1989,6.707
Iceland,ISL,1990,6.416
Iceland,ISL,1991,6.572
Iceland,ISL,1992,6.602
Iceland,ISL,1993,6.557
Iceland,ISL,1994,6.433
Iceland,ISL,1995,6.562
Iceland,ISL,1996,6.562
Iceland,ISL,1997,6.34
Iceland,ISL,1998,6.762
Iceland,ISL,1999,7.176
Iceland,ISL,2000,7.189
Iceland,ISL,2001,7.058
Iceland,ISL,2002,7.653
Iceland,ISL,2003,7.908
Iceland,ISL,2004,7.551
Iceland,ISL,2005,7.247
Iceland,ISL,2006,6.981
Iceland,ISL,2007,6.851
Iceland,ISL,2008,6.86
Iceland,ISL,2009,7.164
Iceland,ISL,2010,6.678
Iceland,ISL,2011,6.615
Iceland,ISL,2012,6.588
Iceland,ISL,2013,6.61
Iceland,ISL,2014,6.685
Iceland,ISL,2015,6.583
Iceland,ISL,2016,6.658
Iceland,ISL,2017,6.826
Iceland,ISL,2018,6.962
Iceland,ISL,2019,7.165
Iceland,ISL,2020,8.052
Iceland,ISL,2021,8.136
Iceland,ISL,2022,7.689
Iceland,ISL,2023,7.55
India,IND,2000,0.939
India,IND,2001,0.909
India,IND,2002,0.877
India,IND,2003,0.819
India,IND,2004,0.801
India,IND,2005,0.828
India,IND,2006,0.805
India,IND,2007,0.795
India,IND,2008,0.836
India,IND,2009,0.907
India,IND,2010,0.862
India,IND,2011,0.91
India,IND,2012,0.903
India,IND,2013,0.829
India,IND,2014,0.829
India,IND,2015,0.928
India,IND,2016,0.947
India,IND,2017,0.974
India,IND,2018,0.985
India,IND,2019,0.982
India,IND,2020,1.094
India,IND,2021,1.183
Indonesia,IDN,2000,0.585
Indonesia,IDN,2001,0.782
Indonesia,IDN,2002,0.673
Indonesia,IDN,2003,0.813
Indonesia,IDN,2004,0.748
Indonesia,IDN,2005,0.734
Indonesia,IDN,2006,0.834
Indonesia,IDN,2007,1.028
Indonesia,IDN,2008,0.917
Indonesia,IDN,2009,0.949
Indonesia,IDN,2010,0.679
Indonesia,IDN,2011,0.717
Indonesia,IDN,2012,0.781
Indonesia,IDN,2013,0.836
Indonesia,IDN,2014,1.043
Indonesia,IDN,2015,1.159
Indonesia,IDN,2016,1.377
Indonesia,IDN,2017,1.356
Indonesia,IDN,2018,1.396
Indonesia,IDN,2019,1.425
Indonesia,IDN,2020,1.877
Indonesia,IDN,2021,2.263
Ireland,IRL,1930,0.62
Ireland,IRL,1960,2.4653533
Ireland,IRL,1961,2.4081082
Ireland,IRL,1962,2.4473708
Ireland,IRL,1963,2.5877268
Ireland,IRL,1964,2.72616
Ireland,IRL,1965,2.7320352
Ireland,IRL,1966,2.999406
Ireland,IRL,1967,3.2631612
Ireland,IRL,1968,3.0251255
Ireland,IRL,1969,3.1884825
Ireland,IRL,1970,3.74
Ireland,IRL,1971,3.981
Ireland,IRL,1972,4.21
Ireland,IRL,1973,4.545
Ireland,IRL,1974,5
Ireland,IRL,1975,5.514
Ireland,IRL,1976,5.29
Ireland,IRL,1977,4.941
Ireland,IRL,1978,5.214
Ireland,IRL,1979,5.602
Ireland,IRL,1980,6.065
Ireland,IRL,1981,5.826
Ireland,IRL,1982,5.695
Ireland,IRL,1983,5.596
Ireland,IRL,1984,5.299
Ireland,IRL,1985,5.234
Ireland,IRL,1986,5.093
Ireland,IRL,1987,4.752
Ireland,IRL,1988,4.436
Ireland,IRL,1989,4.261
Ireland,IRL,1990,4.109
Ireland,IRL,1991,4.468
Ireland,IRL,1992,4.703
Ireland,IRL,1993,4.769
Ireland,IRL,1994,4.677
Ireland,IRL,1995,4.526
Ireland,IRL,1996,4.362
Ireland,IRL,1997,4.359
Ireland,IRL,1998,4.23
Ireland,IRL,1999,4.213
Ireland,IRL,2000,4.573
Ireland,IRL,2001,5.014
Ireland,IRL,2002,5.271
Ireland,IRL,2003,5.519
Ireland,IRL,2004,5.698
Ireland,IRL,2005,6.027
Ireland,IRL,2006,5.85
Ireland,IRL,2007,6.186
Ireland,IRL,2008,7.239
Ireland,IRL,2009,8.11
Ireland,IRL,2010,8.017
Ireland,IRL,2011,7.638
Ireland,IRL,2012,7.639
Ireland,IRL,2013,7.283
Ireland,IRL,2014,6.76
Ireland,IRL,2015,5.256
Ireland,IRL,2016,5.422
Ireland,IRL,2017,5.188
Ireland,IRL,2018,5.078
Ireland,IRL,2019,4.986
Ireland,IRL,2020,5.512
Ireland,IRL,2021,5.105
Ireland,IRL,2022,4.734
Ireland,IRL,2023,5.079
Israel,ISR,1995,4.492
Israel,ISR,1996,4.682
Israel,ISR,1997,4.727
Israel,ISR,1998,4.427
Israel,ISR,1999,4.263
Israel,ISR,2000,4.17
Israel,ISR,2001,4.4
Israel,ISR,2002,4.432
Israel,ISR,2003,4.285
Israel,ISR,2004,4.203
Israel,ISR,2005,4.137
Israel,ISR,2006,4.18
Israel,ISR,2007,4.057
Israel,ISR,2008,4.184
Israel,ISR,2009,4.224
Israel,ISR,2010,4.316
Israel,ISR,2011,4.271
Israel,ISR,2012,4.357
Israel,ISR,2013,4.414
Israel,ISR,2014,4.451
Israel,ISR,2015,4.463
Israel,ISR,2016,4.509
Israel,ISR,2017,4.597
Israel,ISR,2018,4.693
Israel,ISR,2019,4.683
Israel,ISR,2020,5.247
Israel,ISR,2021,5.15
Israel,ISR,2022,4.868
Israel,ISR,2023,5.221
Italy,ITA,1880,0
Italy,ITA,1890,0
Italy,ITA,1900,0
Italy,ITA,1910,0
Italy,ITA,1920,0
Italy,ITA,1930,0
Italy,ITA,1960,2.7455277
Italy,ITA,1961,2.823633
Italy,ITA,1962,2.8231726
Italy,ITA,1963,3.0731986
Italy,ITA,1964,3.278402
Italy,ITA,1965,3.4801579
Italy,ITA,1966,3.6160634
Italy,ITA,1967,3.7595837
Italy,ITA,1968,3.8288388
Italy,ITA,1969,3.8942893
Italy,ITA,1970,4.093632
Italy,ITA,1971,4.4881163
Italy,ITA,1972,4.8349967
Italy,ITA,1973,4.787094
Italy,ITA,1974,4.8007026
Italy,ITA,1975,4.7909327
Italy,ITA,1976,4.768076
Italy,ITA,1977,4.4748397
Italy,ITA,1978,4.7604814
Italy,ITA,1979,4.7783384
Italy,ITA,1980,5.098001
Italy,ITA,1981,4.871031
Italy,ITA,1982,4.968066
Italy,ITA,1983,5.057207
Italy,ITA,1984,4.879394
Italy,ITA,1985,4.958517
Italy,ITA,1986,4.8208313
Italy,ITA,1987,5.220768
Italy,ITA,1988,5.389
Italy,ITA,1989,5.311
Italy,ITA,1990,5.685
Italy,ITA,1991,5.864
Italy,ITA,1992,5.735
Italy,ITA,1993,5.55
Italy,ITA,1994,5.276
Italy,ITA,1995,4.88
Italy,ITA,1996,4.952
Italy,ITA,1997,5.135
Italy,ITA,1998,5.117
Italy,ITA,1999,5.191
Italy,ITA,2000,5.496
Italy,ITA,2001,5.774
Italy,ITA,2002,5.897
Italy,ITA,2003,5.901
Italy,ITA,2004,6.226
Italy,ITA,2005,6.462
Italy,ITA,2006,6.56
Italy,ITA,2007,6.305
Italy,ITA,2008,6.628
Italy,ITA,2009,7.01
Italy,ITA,2010,6.995
Italy,ITA,2011,6.757
Italy,ITA,2012,6.665
Italy,ITA,2013,6.648
Italy,ITA,2014,6.689
Italy,ITA,2015,6.593
Italy,ITA,2016,6.492
Italy,ITA,2017,6.399
Italy,ITA,2018,6.413
Italy,ITA,2019,6.384
Italy,ITA,2020,7.308
Italy,ITA,2021,6.958
Italy,ITA,2022,6.664
Italy,ITA,2023,6.248
Japan,JPN,1880,0.03
Japan,JPN,1890,0.07
Japan,JPN,1900,0.1
Japan,JPN,1910,0.1
Japan,JPN,1920,0.1
Japan,JPN,1930,0.12
Japan,JPN,1960,1.6989075
Japan,JPN,1961,1.9403656
Japan,JPN,1962,2.051802
Japan,JPN,1963,2.2035673
Japan,JPN,1964,2.3178635
Japan,JPN,1965,2.5685372
Japan,JPN,1966,2.567937
Japan,JPN,1967,2.6484675
Japan,JPN,1968,2.6434484
Japan,JPN,1969,2.598613
Japan,JPN,1970,2.981
Japan,JPN,1971,2.879
Japan,JPN,1972,3.033
Japan,JPN,1973,3.004
Japan,JPN,1974,3.552
Japan,JPN,1975,3.816
Japan,JPN,1976,3.98
Japan,JPN,1977,3.953
Japan,JPN,1978,4.269
Japan,JPN,1979,4.26
Japan,JPN,1980,4.359
Japan,JPN,1981,4.4
Japan,JPN,1982,4.503
Japan,JPN,1983,4.663
Japan,JPN,1984,4.546
Japan,JPN,1985,4.493
Japan,JPN,1986,4.555
Japan,JPN,1987,4.618
Japan,JPN,1988,4.51
Japan,JPN,1989,4.439
Japan,JPN,1990,4.392
Japan,JPN,1991,4.444
Japan,JPN,1992,4.623
Japan,JPN,1993,4.923
Japan,JPN,1994,5.081
Japan,JPN,1995,5.046
Japan,JPN,1996,4.915
Japan,JPN,1997,5.08
Japan,JPN,1998,5.214
Japan,JPN,1999,5.496
Japan,JPN,2000,5.658
Japan,JPN,2001,5.861
Japan,JPN,2002,5.937
Japan,JPN,2003,5.987
Japan,JPN,2004,6.049
Japan,JPN,2005,6.216
Japan,JPN,2006,6.174
Japan,JPN,2007,6.321
Japan,JPN,2008,6.566
Japan,JPN,2009,7.283
Japan,JPN,2010,7.425
Japan,JPN,2011,8.783
Japan,JPN,2012,8.957
Japan,JPN,2013,8.994
Japan,JPN,2014,9.025
Japan,JPN,2015,9.039
Japan,JPN,2016,8.957
Japan,JPN,2017,8.974
Japan,JPN,2018,8.997
Japan,JPN,2019,9.211
Japan,JPN,2020,9.545
Japan,JPN,2021,9.533
Japan,JPN,2022,9.824
Japan,JPN,2023,9.522
Latvia,LVA,2000,2.758
Latvia,LVA,2001,2.812
Latvia,LVA,2002,2.857
Latvia,LVA,2003,2.73
Latvia,LVA,2004,3.484
Latvia,LVA,2005,3.249
Latvia,LVA,2006,3.51
Latvia,LVA,2007,3.355
Latvia,LVA,2008,3.369
Latvia,LVA,2009,3.637
Latvia,LVA,2010,3.67
Latvia,LVA,2011,3.635
Latvia,LVA,2012,3.265
Latvia,LVA,2013,3.246
Latvia,LVA,2014,3.26
Latvia,LVA,2015,3.315
Latvia,LVA,2016,3.426
Latvia,LVA,2017,3.42
Latvia,LVA,2018,3.706
Latvia,LVA,2019,3.99
Latvia,LVA,2020,4.634
Latvia,LVA,2021,6.328
Latvia,LVA,2022,4.947
Latvia,LVA,2023,5.064
Lithuania,LTU,2000,4.247
Lithuania,LTU,2001,4.304
Lithuania,LTU,2002,4.543
Lithuania,LTU,2003,4.663
Lithuania,LTU,2004,3.668
Lithuania,LTU,2005,3.768
Lithuania,LTU,2006,3.951
Lithuania,LTU,2007,4.098
Lithuania,LTU,2008,4.484
Lithuania,LTU,2009,5.337
Lithuania,LTU,2010,4.887
Lithuania,LTU,2011,4.606
Lithuania,LTU,2012,4.225
Lithuania,LTU,2013,4.058
Lithuania,LTU,2014,4.184
Lithuania,LTU,2015,4.358
Lithuania,LTU,2016,4.42
Lithuania,LTU,2017,4.275
Lithuania,LTU,2018,4.387
Lithuania,LTU,2019,4.636
Lithuania,LTU,2020,5.244
Lithuania,LTU,2021,5.337
Lithuania,LTU,2022,4.815
Lithuania,LTU,2023,4.855
Luxembourg,LUX,1975,3.6389055
Luxembourg,LUX,1976,3.682
Luxembourg,LUX,1977,3.988
Luxembourg,LUX,1978,4.243
Luxembourg,LUX,1979,4.341
Luxembourg,LUX,1980,4.433
Luxembourg,LUX,1981,4.551
Luxembourg,LUX,1982,4.438
Luxembourg,LUX,1983,4.163
Luxembourg,LUX,1984,4.079
Luxembourg,LUX,1985,4.139
Luxembourg,LUX,1986,4.132
Luxembourg,LUX,1987,4.691
Luxembourg,LUX,1988,4.879
Luxembourg,LUX,1989,4.751
Luxembourg,LUX,1990,4.941
Luxembourg,LUX,1991,4.735
Luxembourg,LUX,1992,4.961
Luxembourg,LUX,1993,5.028
Luxembourg,LUX,1994,4.837
Luxembourg,LUX,1995,5.101
Luxembourg,LUX,1996,5.166
Luxembourg,LUX,1997,4.896
Luxembourg,LUX,1998,5.03
Luxembourg,LUX,1999,5.038
Luxembourg,LUX,2000,4.857
Luxembourg,LUX,2001,5.28
Luxembourg,LUX,2002,5.614
Luxembourg,LUX,2003,5.77
Luxembourg,LUX,2004,6.067
Luxembourg,LUX,2005,5.927
Luxembourg,LUX,2006,5.495
Luxembourg,LUX,2007,5.184
Luxembourg,LUX,2008,5.441
Luxembourg,LUX,2009,5.959
Luxembourg,LUX,2010,5.657
Luxembourg,LUX,2011,4.95
Luxembourg,LUX,2012,4.386
Luxembourg,LUX,2013,4.35
Luxembourg,LUX,2014,4.366
Luxembourg,LUX,2015,4.251
Luxembourg,LUX,2016,4.24
Luxembourg,LUX,2017,4.311
Luxembourg,LUX,2018,4.439
Luxembourg,LUX,2019,4.643
Luxembourg,LUX,2020,4.986
Luxembourg,LUX,2021,4.878
Luxembourg,LUX,2022,4.78
Luxembourg,LUX,2023,4.97
Malta,MLT,2016,5.651
Malta,MLT,2017,5.491
Malta,MLT,2018,5.428
Malta,MLT,2019,5.719
Malta,MLT,2020,7.163
Malta,MLT,2021,7.131
Malta,MLT,2022,6.577
Mexico,MEX,1880,0
Mexico,MEX,1890,0
Mexico,MEX,1900,0
Mexico,MEX,1910,0
Mexico,MEX,1920,0
Mexico,MEX,1930,0
Mexico,MEX,1999,1.957
Mexico,MEX,2000,1.919
Mexico,MEX,2001,2.005
Mexico,MEX,2002,2.062
Mexico,MEX,2003,2.3
Mexico,MEX,2004,2.47
Mexico,MEX,2005,2.357
Mexico,MEX,2006,2.315
Mexico,MEX,2007,2.413
Mexico,MEX,2008,2.5
Mexico,MEX,2009,2.729
Mexico,MEX,2010,2.757
Mexico,MEX,2011,2.799
Mexico,MEX,2012,2.878
Mexico,MEX,2013,2.998
Mexico,MEX,2014,2.788
Mexico,MEX,2015,2.885
Mexico,MEX,2016,2.761
Mexico,MEX,2017,2.684
Mexico,MEX,2018,2.6
Mexico,MEX,2019,2.604
Mexico,MEX,2020,3.203
Mexico,MEX,2021,2.959
Mexico,MEX,2022,2.969
Mexico,MEX,2023,2.979
Netherlands,NLD,1880,0
Netherlands,NLD,1890,0
Netherlands,NLD,1900,0
Netherlands,NLD,1910,0
Netherlands,NLD,1920,0
Netherlands,NLD,1930,0
Netherlands,NLD,1960,1.0524961
Netherlands,NLD,1961,1.3534391
Netherlands,NLD,1962,1.7058103
Netherlands,NLD,1963,2.1338623
Netherlands,NLD,1964,2.2239606
Netherlands,NLD,1965,2.442287
Netherlands,NLD,1966,2.7503788
Netherlands,NLD,1967,3.0742269
Netherlands,NLD,1968,3.357325
Netherlands,NLD,1969,3.7137923
Netherlands,NLD,1970,4.0945835
Netherlands,NLD,1971,3.9760742
Netherlands,NLD,1972,3.829
Netherlands,NLD,1973,3.89
Netherlands,NLD,1974,4.093
Netherlands,NLD,1975,4.43
Netherlands,NLD,1976,4.389
Netherlands,NLD,1977,4.483
Netherlands,NLD,1978,4.585
Netherlands,NLD,1979,4.676
Netherlands,NLD,1980,4.768
Netherlands,NLD,1981,4.863
Netherlands,NLD,1982,5.073
Netherlands,NLD,1983,5.029
Netherlands,NLD,1984,4.833
Netherlands,NLD,1985,4.794
Netherlands,NLD,1986,4.687
Netherlands,NLD,1987,4.798
Netherlands,NLD,1988,4.707
Netherlands,NLD,1989,4.917
Netherlands,NLD,1990,4.978
Netherlands,NLD,1991,5.219
Netherlands,NLD,1992,5.632
Netherlands,NLD,1993,5.78
Netherlands,NLD,1994,5.624
Netherlands,NLD,1995,5.48
Netherlands,NLD,1996,5.042
Netherlands,NLD,1997,4.999
Netherlands,NLD,1998,5.398
Netherlands,NLD,1999,5.364
Netherlands,NLD,2000,5.321
Netherlands,NLD,2001,5.612
Netherlands,NLD,2002,6.053
Netherlands,NLD,2003,6.354
Netherlands,NLD,2004,6.25
Netherlands,NLD,2005,6.224
Netherlands,NLD,2006,7.605
Netherlands,NLD,2007,7.611
Netherlands,NLD,2008,7.67
Netherlands,NLD,2009,8.312
Netherlands,NLD,2010,8.467
Netherlands,NLD,2011,8.459
Netherlands,NLD,2012,8.654
Netherlands,NLD,2013,8.588
Netherlands,NLD,2014,8.568
Netherlands,NLD,2015,8.402
Netherlands,NLD,2016,8.358
Netherlands,NLD,2017,8.257
Netherlands,NLD,2018,8.227
Netherlands,NLD,2019,8.396
Netherlands,NLD,2020,9.536
Netherlands,NLD,2021,9.448
Netherlands,NLD,2022,8.508
Netherlands,NLD,2023,8.539
New Zealand,NZL,1880,0.17
New Zealand,NZL,1890,0.39
New Zealand,NZL,1900,0.51
New Zealand,NZL,1910,0.72
New Zealand,NZL,1920,1.07
New Zealand,NZL,1930,1.13
New Zealand,NZL,1960,3.392403
New Zealand,NZL,1961,3.5600421
New Zealand,NZL,1962,3.5655222
New Zealand,NZL,1963,3.4833136
New Zealand,NZL,1964,3.5007148
New Zealand,NZL,1965,3.584497
New Zealand,NZL,1966,3.7791836
New Zealand,NZL,1967,3.7772489
New Zealand,NZL,1968,3.8026927
New Zealand,NZL,1969,3.8159406
New Zealand,NZL,1970,4.075
New Zealand,NZL,1971,3.748
New Zealand,NZL,1972,3.874
New Zealand,NZL,1973,3.899
New Zealand,NZL,1974,4.391
New Zealand,NZL,1975,4.763
New Zealand,NZL,1976,4.53
New Zealand,NZL,1977,4.825
New Zealand,NZL,1978,5.182
New Zealand,NZL,1979,5.339
New Zealand,NZL,1980,5.07
New Zealand,NZL,1981,5.443
New Zealand,NZL,1982,5.07
New Zealand,NZL,1983,4.971
New Zealand,NZL,1984,4.622
New Zealand,NZL,1985,4.247
New Zealand,NZL,1986,4.347
New Zealand,NZL,1987,4.863
New Zealand,NZL,1988,5.211
New Zealand,NZL,1989,5.355
New Zealand,NZL,1990,5.492
New Zealand,NZL,1991,5.838
New Zealand,NZL,1992,5.714
New Zealand,NZL,1993,5.314
New Zealand,NZL,1994,5.391
New Zealand,NZL,1995,5.362
New Zealand,NZL,1996,5.284
New Zealand,NZL,1997,5.486
New Zealand,NZL,1998,5.788
New Zealand,NZL,1999,5.732
New Zealand,NZL,2000,5.828
New Zealand,NZL,2001,5.792
New Zealand,NZL,2002,6.154
New Zealand,NZL,2003,6.049
New Zealand,NZL,2004,6.292
New Zealand,NZL,2005,6.592
New Zealand,NZL,2006,6.917
New Zealand,NZL,2007,6.863
New Zealand,NZL,2008,7.377
New Zealand,NZL,2009,7.799
New Zealand,NZL,2010,7.787
New Zealand,NZL,2011,7.7
New Zealand,NZL,2012,7.769
New Zealand,NZL,2013,7.493
New Zealand,NZL,2014,7.48
New Zealand,NZL,2015,7.333
New Zealand,NZL,2016,7.271
New Zealand,NZL,2017,7.049
New Zealand,NZL,2018,7.16
New Zealand,NZL,2019,7.226
New Zealand,NZL,2020,7.75
New Zealand,NZL,2021,8.119
New Zealand,NZL,2022,9.145
New Zealand,NZL,2023,8.82
Norway,NOR,1880,0.22
Norway,NOR,1890,0.11
Norway,NOR,1900,0.28
Norway,NOR,1910,0.27
Norway,NOR,1920,0.31
Norway,NOR,1930,0.64
Norway,NOR,1960,2.0319924
Norway,NOR,1961,2.1476128
Norway,NOR,1962,2.3030438
Norway,NOR,1963,2.4495919
Norway,NOR,1964,2.5327091
Norway,NOR,1965,2.5194361
Norway,NOR,1966,2.8240757
Norway,NOR,1967,2.9043038
Norway,NOR,1968,3.0185983
Norway,NOR,1969,3.2502742
Norway,NOR,1970,3.625
Norway,NOR,1971,3.79
Norway,NOR,1972,4.397
Norway,NOR,1973,4.5
Norway,NOR,1974,4.513
Norway,NOR,1975,4.975
Norway,NOR,1976,5.168
Norway,NOR,1977,5.442
Norway,NOR,1978,5.604
Norway,NOR,1979,5.282
Norway,NOR,1980,5.312
Norway,NOR,1981,5.346
Norway,NOR,1982,5.469
Norway,NOR,1983,5.627
Norway,NOR,1984,5.327
Norway,NOR,1985,5.275
Norway,NOR,1986,5.691
Norway,NOR,1987,5.992
Norway,NOR,1988,5.888
Norway,NOR,1989,5.632
Norway,NOR,1990,5.858
Norway,NOR,1991,6.174
Norway,NOR,1992,6.342
Norway,NOR,1993,6.225
Norway,NOR,1994,6.155
Norway,NOR,1995,6.098
Norway,NOR,1996,6.018
Norway,NOR,1997,6.244
Norway,NOR,1998,6.852
Norway,NOR,1999,6.878
Norway,NOR,2000,6.292
Norway,NOR,2001,6.632
Norway,NOR,2002,7.445
Norway,NOR,2003,7.646
Norway,NOR,2004,7.302
Norway,NOR,2005,6.892
Norway,NOR,2006,6.569
Norway,NOR,2007,6.71
Norway,NOR,2008,6.659
Norway,NOR,2009,7.627
Norway,NOR,2010,7.501
Norway,NOR,2011,7.374
Norway,NOR,2012,7.392
Norway,NOR,2013,7.545
Norway,NOR,2014,7.917
Norway,NOR,2015,8.611
Norway,NOR,2016,8.991
Norway,NOR,2017,8.708
Norway,NOR,2018,8.536
Norway,NOR,2019,8.947
Norway,NOR,2020,9.821
Norway,NOR,2021,8.431
Norway,NOR,2022,6.805
Norway,NOR,2023,7.953
Peru,PER,2000,2.342
Peru,PER,2001,2.496
Peru,PER,2002,2.537
Peru,PER,2003,2.404
Peru,PER,2004,2.354
Peru,PER,2005,2.62
Peru,PER,2006,2.228
Peru,PER,2007,2.155
Peru,PER,2008,2.18
Peru,PER,2009,2.551
Peru,PER,2010,2.459
Peru,PER,2011,2.321
Peru,PER,2012,2.493
Peru,PER,2013,2.661
Peru,PER,2014,2.959
Peru,PER,2015,3.022
Peru,PER,2016,3.059
Peru,PER,2017,3.035
Peru,PER,2018,3.174
Peru,PER,2019,3.258
Peru,PER,2020,4.327
Peru,PER,2021,4.468
Peru,PER,2022,3.912
Poland,POL,1920,0
Poland,POL,1930,0
Poland,POL,1990,3.936
Poland,POL,1991,4.175
Poland,POL,1992,4.259
Poland,POL,1993,3.925
Poland,POL,1994,3.628
Poland,POL,1995,3.615
Poland,POL,1996,3.865
Poland,POL,1997,3.524
Poland,POL,1998,3.457
Poland,POL,1999,3.822
Poland,POL,2000,3.642
Poland,POL,2001,4.025
Poland,POL,2002,4.274
Poland,POL,2003,4.117
Poland,POL,2004,3.975
Poland,POL,2005,3.988
Poland,POL,2006,4.018
Poland,POL,2007,4.116
Poland,POL,2008,4.569
Poland,POL,2009,4.72
Poland,POL,2010,4.636
Poland,POL,2011,4.456
Poland,POL,2012,4.388
Poland,POL,2013,4.579
Poland,POL,2014,4.465
Poland,POL,2015,4.467
Poland,POL,2016,4.555
Poland,POL,2017,4.562
Poland,POL,2018,4.513
Poland,POL,2019,4.637
Poland,POL,2020,4.695
Poland,POL,2021,4.666
Poland,POL,2022,4.704
Poland,POL,2023,5.703
Portugal,PRT,1880,0
Portugal,PRT,1890,0
Portugal,PRT,1900,0
Portugal,PRT,1910,0
Portugal,PRT,1920,0
Portugal,PRT,1930,0
Portugal,PRT,1960,0.63107055
Portugal,PRT,1961,0.65248376
Portugal,PRT,1962,0.66185445
Portugal,PRT,1963,0.8076404
Portugal,PRT,1964,0.6594723
Portugal,PRT,1965,0.83251834
Portugal,PRT,1966,0.8910139
Portugal,PRT,1967,0.91182494
Portugal,PRT,1968,1.1656222
Portugal,PRT,1969,1.3487945
Portugal,PRT,1970,1.276
Portugal,PRT,1971,1.419
Portugal,PRT,1972,1.739
Portugal,PRT,1973,1.902
Portugal,PRT,1974,2.128
Portugal,PRT,1975,2.72
Portugal,PRT,1976,2.974
Portugal,PRT,1977,2.801
Portugal,PRT,1978,2.749
Portugal,PRT,1979,2.764
Portugal,PRT,1980,2.989
Portugal,PRT,1981,3.098
Portugal,PRT,1982,2.741
Portugal,PRT,1983,2.42
Portugal,PRT,1984,2.454
Portugal,PRT,1985,2.874
Portugal,PRT,1986,3.053
Portugal,PRT,1987,2.917
Portugal,PRT,1988,3.185
Portugal,PRT,1989,2.903
Portugal,PRT,1990,3.581
Portugal,PRT,1991,3.75
Portugal,PRT,1992,3.627
Portugal,PRT,1993,4.008
Portugal,PRT,1994,3.992
Portugal,PRT,1995,4.426
Portugal,PRT,1996,4.776
Portugal,PRT,1997,4.776
Portugal,PRT,1998,4.875
Portugal,PRT,1999,5.069
Portugal,PRT,2000,6.002
Portugal,PRT,2001,6.058
Portugal,PRT,2002,6.329
Portugal,PRT,2003,6.446
Portugal,PRT,2004,6.73
Portugal,PRT,2005,6.848
Portugal,PRT,2006,5.938
Portugal,PRT,2007,5.806
Portugal,PRT,2008,5.994
Portugal,PRT,2009,6.469
Portugal,PRT,2010,6.678
Portugal,PRT,2011,6.282
Portugal,PRT,2012,5.921
Portugal,PRT,2013,5.863
Portugal,PRT,2014,5.774
Portugal,PRT,2015,5.751
Portugal,PRT,2016,5.793
Portugal,PRT,2017,5.698
Portugal,PRT,2018,5.763
Portugal,PRT,2019,5.789
Portugal,PRT,2020,6.782
Portugal,PRT,2021,6.99
Portugal,PRT,2022,6.539
Portugal,PRT,2023,6.171
Romania,ROU,1880,0
Romania,ROU,1890,0
Romania,ROU,1900,0
Romania,ROU,1910,0
Romania,ROU,1920,0.001
Romania,ROU,1930,0.003
Romania,ROU,2005,4.444
Romania,ROU,2006,4.029
Romania,ROU,2007,4.107
Romania,ROU,2008,4.09
Romania,ROU,2009,4.156
Romania,ROU,2010,4.507
Romania,ROU,2011,3.368
Romania,ROU,2012,3.468
Romania,ROU,2013,4.145
Romania,ROU,2014,3.972
Romania,ROU,2015,3.857
Romania,ROU,2016,3.979
Romania,ROU,2017,4.081
Romania,ROU,2018,4.4
Romania,ROU,2019,4.597
Romania,ROU,2020,4.998
Romania,ROU,2021,5.068
Romania,ROU,2022,4.472
Romania,ROU,2023,4.593
Slovakia,SVK,1997,5.175
Slovakia,SVK,1998,5.079
Slovakia,SVK,1999,4.947
Slovakia,SVK,2000,4.728
Slovakia,SVK,2001,4.75
Slovakia,SVK,2002,4.903
Slovakia,SVK,2003,4.783
Slovakia,SVK,2004,5.019
Slovakia,SVK,2005,4.96
Slovakia,SVK,2006,4.794
Slovakia,SVK,2007,4.974
Slovakia,SVK,2008,5.243
Slovakia,SVK,2009,5.841
Slovakia,SVK,2010,5.513
Slovakia,SVK,2011,5.385
Slovakia,SVK,2012,5.439
Slovakia,SVK,2013,5.562
Slovakia,SVK,2014,5.523
Slovakia,SVK,2015,5.391
Slovakia,SVK,2016,5.603
Slovakia,SVK,2017,5.401
Slovakia,SVK,2018,5.342
Slovakia,SVK,2019,5.521
Slovakia,SVK,2020,5.72
Slovakia,SVK,2021,6.185
Slovakia,SVK,2022,6.169
Slovakia,SVK,2023,7.086
Slovenia,SVN,2000,5.689
Slovenia,SVN,2001,5.629
Slovenia,SVN,2002,5.885
Slovenia,SVN,2003,5.898
Slovenia,SVN,2004,5.83
Slovenia,SVN,2005,5.876
Slovenia,SVN,2006,5.721
Slovenia,SVN,2007,5.372
Slovenia,SVN,2008,5.777
Slovenia,SVN,2009,6.241
Slovenia,SVN,2010,6.288
Slovenia,SVN,2011,6.268
Slovenia,SVN,2012,6.271
Slovenia,SVN,2013,6.238
Slovenia,SVN,2014,6.046
Slovenia,SVN,2015,6.116
Slovenia,SVN,2016,6.166
Slovenia,SVN,2017,5.909
Slovenia,SVN,2018,6.027
Slovenia,SVN,2019,6.18
Slovenia,SVN,2020,6.898
Slovenia,SVN,2021,6.995
Slovenia,SVN,2022,7.105
Slovenia,SVN,2023,6.95
South Africa,ZAF,2000,2.685
South Africa,ZAF,2001,2.403
South Africa,ZAF,2002,2.306
South Africa,ZAF,2003,2.791
South Africa,ZAF,2004,2.732
South Africa,ZAF,2005,2.745
South Africa,ZAF,2006,2.837
South Africa,ZAF,2007,2.919
South Africa,ZAF,2008,2.998
South Africa,ZAF,2009,3.381
South Africa,ZAF,2010,3.572
South Africa,ZAF,2011,3.692
South Africa,ZAF,2012,3.696
South Africa,ZAF,2013,3.699
South Africa,ZAF,2014,3.64
South Africa,ZAF,2015,3.753
South Africa,ZAF,2016,3.751
South Africa,ZAF,2017,3.745
South Africa,ZAF,2018,3.792
South Africa,ZAF,2019,3.945
South Africa,ZAF,2020,4.344
South Africa,ZAF,2021,4.087
South Korea,KOR,1970,0.236
South Korea,KOR,1971,0.286
South Korea,KOR,1972,0.217
South Korea,KOR,1973,0.19
South Korea,KOR,1974,0.172
South Korea,KOR,1975,0.241
South Korea,KOR,1976,0.211
South Korea,KOR,1977,0.278
South Korea,KOR,1978,0.302
South Korea,KOR,1979,0.533
South Korea,KOR,1980,0.692
South Korea,KOR,1981,0.709
South Korea,KOR,1982,0.849
South Korea,KOR,1983,0.948
South Korea,KOR,1984,0.996
South Korea,KOR,1985,1.069
South Korea,KOR,1986,0.963
South Korea,KOR,1987,0.969
South Korea,KOR,1988,1.097
South Korea,KOR,1989,1.278
South Korea,KOR,1990,1.454
South Korea,KOR,1991,1.306
South Korea,KOR,1992,1.371
South Korea,KOR,1993,1.401
South Korea,KOR,1994,1.342
South Korea,KOR,1995,1.423
South Korea,KOR,1996,1.594
South Korea,KOR,1997,1.688
South Korea,KOR,1998,1.916
South Korea,KOR,1999,2.01
South Korea,KOR,2000,2.09
South Korea,KOR,2001,2.46
South Korea,KOR,2002,2.323
South Korea,KOR,2003,2.445
South Korea,KOR,2004,2.442
South Korea,KOR,2005,2.586
South Korea,KOR,2006,2.851
South Korea,KOR,2007,2.936
South Korea,KOR,2008,3.017
South Korea,KOR,2009,3.355
South Korea,KOR,2010,3.435
South Korea,KOR,2011,3.446
South Korea,KOR,2012,3.472
South Korea,KOR,2013,3.553
South Korea,KOR,2014,3.67
South Korea,KOR,2015,3.786
South Korea,KOR,2016,3.95
South Korea,KOR,2017,4.098
South Korea,KOR,2018,4.38
South Korea,KOR,2019,4.823
South Korea,KOR,2020,5.085
South Korea,KOR,2021,5.556
South Korea,KOR,2022,6.044
South Korea,KOR,2023,6.245
Spain,ESP,1880,0
Spain,ESP,1890,0
Spain,ESP,1900,0
Spain,ESP,1910,0
Spain,ESP,1920,0.001
Spain,ESP,1930,0.004
Spain,ESP,1960,0.7328561
Spain,ESP,1961,0.7109895
Spain,ESP,1962,0.8081077
Spain,ESP,1963,0.7968034
Spain,ESP,1964,0.91763383
Spain,ESP,1965,1.0787611
Spain,ESP,1966,1.196061
Spain,ESP,1967,1.522937
Spain,ESP,1968,1.5835049
Spain,ESP,1969,1.781318
Spain,ESP,1970,2.007
Spain,ESP,1971,2.271
Spain,ESP,1972,2.531
Spain,ESP,1973,2.81
Spain,ESP,1974,2.891
Spain,ESP,1975,3.213
Spain,ESP,1976,3.409
Spain,ESP,1977,3.702
Spain,ESP,1978,3.897
Spain,ESP,1979,3.877
Spain,ESP,1980,3.961
Spain,ESP,1981,4.005
Spain,ESP,1982,4.11
Spain,ESP,1983,4.536
Spain,ESP,1984,4.218
Spain,ESP,1985,4.049
Spain,ESP,1986,3.97
Spain,ESP,1987,4.019
Spain,ESP,1988,4.447
Spain,ESP,1989,4.472
Spain,ESP,1990,4.768
Spain,ESP,1991,4.835
Spain,ESP,1992,5.124
Spain,ESP,1993,5.299
Spain,ESP,1994,5.192
Spain,ESP,1995,5.064
Spain,ESP,1996,5.09
Spain,ESP,1997,5.009
Spain,ESP,1998,4.956
Spain,ESP,1999,4.956
Spain,ESP,2000,4.852
Spain,ESP,2001,4.808
Spain,ESP,2002,4.831
Spain,ESP,2003,5.378
Spain,ESP,2004,5.456
Spain,ESP,2005,5.54
Spain,ESP,2006,5.645
Spain,ESP,2007,5.725
Spain,ESP,2008,6.143
Spain,ESP,2009,6.837
Spain,ESP,2010,6.789
Spain,ESP,2011,6.737
Spain,ESP,2012,6.603
Spain,ESP,2013,6.438
Spain,ESP,2014,6.385
Spain,ESP,2015,6.507
Spain,ESP,2016,6.404
Spain,ESP,2017,6.309
Spain,ESP,2018,6.32
Spain,ESP,2019,6.441
Spain,ESP,2020,7.853
Spain,ESP,2021,7.598
Spain,ESP,2022,7.209
Spain,ESP,2023,7.15
Sweden,SWE,1880,0.12
Sweden,SWE,1890,0.16
Sweden,SWE,1900,0.19
Sweden,SWE,1910,0.31
Sweden,SWE,1920,0.25
Sweden,SWE,1930,0.89
Sweden,SWE,1960,2.5074892
Sweden,SWE,1961,2.564658
Sweden,SWE,1962,2.628458
Sweden,SWE,1963,2.9720116
Sweden,SWE,1964,3.079033
Sweden,SWE,1965,3.2636797
Sweden,SWE,1966,3.6055794
Sweden,SWE,1967,3.8589833
Sweden,SWE,1968,4.2452908
Sweden,SWE,1969,4.2976894
Sweden,SWE,1970,4.547
Sweden,SWE,1971,4.984
Sweden,SWE,1972,5.073
Sweden,SWE,1973,5.031
Sweden,SWE,1974,5.498
Sweden,SWE,1975,5.769
Sweden,SWE,1976,6.021
Sweden,SWE,1977,6.784
Sweden,SWE,1978,6.841
Sweden,SWE,1979,6.757
Sweden,SWE,1980,7.107
Sweden,SWE,1981,7.142
Sweden,SWE,1982,7.197
Sweden,SWE,1983,7.109
Sweden,SWE,1984,6.942
Sweden,SWE,1985,6.484
Sweden,SWE,1986,6.286
Sweden,SWE,1987,6.359
Sweden,SWE,1988,6.256
Sweden,SWE,1989,6.32
Sweden,SWE,1990,5.692
Sweden,SWE,1991,5.558
Sweden,SWE,1992,6.471
Sweden,SWE,1993,6.693
Sweden,SWE,1994,6.348
Sweden,SWE,1995,6.24
Sweden,SWE,1996,6.456
Sweden,SWE,1997,6.202
Sweden,SWE,1998,6.255
Sweden,SWE,1999,6.291
Sweden,SWE,2000,6.267
Sweden,SWE,2001,6.49
Sweden,SWE,2002,6.779
Sweden,SWE,2003,6.914
Sweden,SWE,2004,6.722
Sweden,SWE,2005,6.708
Sweden,SWE,2006,6.632
Sweden,SWE,2007,6.598
Sweden,SWE,2008,6.772
Sweden,SWE,2009,7.237
Sweden,SWE,2010,6.863
Sweden,SWE,2011,8.8
Sweden,SWE,2012,9.041
Sweden,SWE,2013,9.162
Sweden,SWE,2014,9.199
Sweden,SWE,2015,9.071
Sweden,SWE,2016,9.144
Sweden,SWE,2017,9.136
Sweden,SWE,2018,9.276
Sweden,SWE,2019,9.221
Sweden,SWE,2020,9.767
Sweden,SWE,2021,9.556
Sweden,SWE,2022,9.044
Sweden,SWE,2023,9.405
Switzerland,CHE,1880,0
Switzerland,CHE,1890,0
Switzerland,CHE,1900,0
Switzerland,CHE,1920,0.08
Switzerland,CHE,1930,0.26
Switzerland,CHE,1995,4.786
Switzerland,CHE,1996,5.072
Switzerland,CHE,1997,5.142
Switzerland,CHE,1998,5.223
Switzerland,CHE,1999,5.349
Switzerland,CHE,2000,5.309
Switzerland,CHE,2001,5.617
Switzerland,CHE,2002,6.022
Switzerland,CHE,2003,6.247
Switzerland,CHE,2004,6.296
Switzerland,CHE,2005,6.343
Switzerland,CHE,2006,5.983
Switzerland,CHE,2007,5.879
Switzerland,CHE,2008,6.059
Switzerland,CHE,2009,6.498
Switzerland,CHE,2010,6.503
Switzerland,CHE,2011,6.608
Switzerland,CHE,2012,6.899
Switzerland,CHE,2013,7.13
Switzerland,CHE,2014,7.17
Switzerland,CHE,2015,7.444
Switzerland,CHE,2016,7.645
Switzerland,CHE,2017,7.772
Switzerland,CHE,2018,7.52
Switzerland,CHE,2019,7.748
Switzerland,CHE,2020,8.352
Switzerland,CHE,2021,8.243
Switzerland,CHE,2022,8.017
Switzerland,CHE,2023,8.207
Turkey,TUR,1962,0.5208989
Turkey,TUR,1963,0.51669306
Turkey,TUR,1964,0.5549354
Turkey,TUR,1965,0.5673707
Turkey,TUR,1966,0.6154856
Turkey,TUR,1967,0.6253729
Turkey,TUR,1968,0.6653767
Turkey,TUR,1969,0.7481028
Turkey,TUR,1970,0.65876585
Turkey,TUR,1971,0.5031009
Turkey,TUR,1972,0.3461241
Turkey,TUR,1975,0.87162054
Turkey,TUR,1977,0.48735723
Turkey,TUR,1978,0.41043058
Turkey,TUR,1979,0.509
Turkey,TUR,1980,0.694
Turkey,TUR,1981,0.276
Turkey,TUR,1982,0.415
Turkey,TUR,1983,0.365
Turkey,TUR,1984,0.891
Turkey,TUR,1985,0.724
Turkey,TUR,1986,0.725
Turkey,TUR,1987,0.699
Turkey,TUR,1988,1.022
Turkey,TUR,1989,1.293
Turkey,TUR,1990,1.466
Turkey,TUR,1991,1.751
Turkey,TUR,1992,1.838
Turkey,TUR,1993,1.788
Turkey,TUR,1994,1.806
Turkey,TUR,1995,1.72
Turkey,TUR,1996,1.959
Turkey,TUR,1997,2.19
Turkey,TUR,1998,2.522
Turkey,TUR,1999,2.674
Turkey,TUR,2000,2.837
Turkey,TUR,2001,3.287
Turkey,TUR,2002,3.542
Turkey,TUR,2003,3.57
Turkey,TUR,2004,3.52
Turkey,TUR,2005,3.315
Turkey,TUR,2006,3.543
Turkey,TUR,2007,3.603
Turkey,TUR,2008,3.793
Turkey,TUR,2009,4.423
Turkey,TUR,2010,3.916
Turkey,TUR,2011,3.682
Turkey,TUR,2012,3.519
Turkey,TUR,2013,3.425
Turkey,TUR,2014,3.357
Turkey,TUR,2015,3.217
Turkey,TUR,2016,3.361
Turkey,TUR,2017,3.248
Turkey,TUR,2018,3.189
Turkey,TUR,2019,3.387
Turkey,TUR,2020,3.64
Turkey,TUR,2021,3.594
Turkey,TUR,2022,2.783
Turkey,TUR,2023,3.252
Ukraine,UKR,2000,2.511
Ukraine,UKR,2001,2.8
Ukraine,UKR,2002,3.071
Ukraine,UKR,2003,3.649
Ukraine,UKR,2004,3.405
Ukraine,UKR,2005,3.726
Ukraine,UKR,2006,3.878
Ukraine,UKR,2007,3.565
Ukraine,UKR,2008,3.194
Ukraine,UKR,2009,3.856
Ukraine,UKR,2010,3.693
Ukraine,UKR,2011,3.427
Ukraine,UKR,2012,3.743
Ukraine,UKR,2013,3.344
Ukraine,UKR,2014,3.463
Ukraine,UKR,2015,3.755
Ukraine,UKR,2016,3.652
Ukraine,UKR,2017,3.559
Ukraine,UKR,2018,3.528
Ukraine,UKR,2019,3.225
Ukraine,UKR,2020,3.727
Ukraine,UKR,2021,4.092
United Kingdom,GBR,1880,0.13
United Kingdom,GBR,1890,0.16
United Kingdom,GBR,1900,0.29
United Kingdom,GBR,1910,0.32
United Kingdom,GBR,1920,0.56
United Kingdom,GBR,1930,0.64
United Kingdom,GBR,1960,2.9169765
United Kingdom,GBR,1961,2.9713652
United Kingdom,GBR,1962,2.9519587
United Kingdom,GBR,1963,2.9682229
United Kingdom,GBR,1964,2.9650073
United Kingdom,GBR,1965,3.1036625
United Kingdom,GBR,1966,3.2197652
United Kingdom,GBR,1967,3.3869493
United Kingdom,GBR,1968,3.396163
United Kingdom,GBR,1969,3.2992053
United Kingdom,GBR,1970,3.429
United Kingdom,GBR,1971,3.469
United Kingdom,GBR,1972,3.557
United Kingdom,GBR,1973,3.476
United Kingdom,GBR,1974,4.143
United Kingdom,GBR,1975,4.486
United Kingdom,GBR,1976,4.487
United Kingdom,GBR,1977,4.378
United Kingdom,GBR,1978,4.351
United Kingdom,GBR,1979,4.252
United Kingdom,GBR,1980,4.532
United Kingdom,GBR,1981,4.71
United Kingdom,GBR,1982,4.498
United Kingdom,GBR,1983,4.666
United Kingdom,GBR,1984,4.563
United Kingdom,GBR,1985,4.428
United Kingdom,GBR,1986,4.407
United Kingdom,GBR,1987,4.421
United Kingdom,GBR,1988,4.331
United Kingdom,GBR,1989,4.249
United Kingdom,GBR,1990,4.291
United Kingdom,GBR,1991,4.586
United Kingdom,GBR,1992,4.975
United Kingdom,GBR,1993,5.066
United Kingdom,GBR,1994,5.091
United Kingdom,GBR,1995,4.676
United Kingdom,GBR,1996,4.665
United Kingdom,GBR,1997,5.08
United Kingdom,GBR,1998,5.203
United Kingdom,GBR,1999,5.381
United Kingdom,GBR,2000,5.393
United Kingdom,GBR,2001,5.616
United Kingdom,GBR,2002,6.01
United Kingdom,GBR,2003,6.277
United Kingdom,GBR,2004,6.642
United Kingdom,GBR,2005,6.782
United Kingdom,GBR,2006,7.004
United Kingdom,GBR,2007,7.018
United Kingdom,GBR,2008,7.311
United Kingdom,GBR,2009,8.11
United Kingdom,GBR,2010,7.995
United Kingdom,GBR,2011,7.975
United Kingdom,GBR,2012,7.963
United Kingdom,GBR,2013,7.884
United Kingdom,GBR,2014,7.883
United Kingdom,GBR,2015,7.846
United Kingdom,GBR,2016,7.841
United Kingdom,GBR,2017,7.657
United Kingdom,GBR,2018,7.711
United Kingdom,GBR,2019,7.888
United Kingdom,GBR,2020,10.103
United Kingdom,GBR,2021,10.064
United Kingdom,GBR,2022,9.11
United Kingdom,GBR,2023,8.911
United States,USA,1880,0.09
United States,USA,1890,0.14
United States,USA,1900,0.17
United States,USA,1910,0.26
United States,USA,1920,0.4
United States,USA,1930,0.34
United States,USA,1960,1.0984154
United States,USA,1961,1.1650252
United States,USA,1962,1.1832267
United States,USA,1963,1.2263532
United States,USA,1964,1.2247728
United States,USA,1965,1.2415549
United States,USA,1966,1.4939184
United States,USA,1967,1.995259
United States,USA,1968,2.1247892
United States,USA,1969,2.1767628
United States,USA,1970,2.323
United States,USA,1971,2.433
United States,USA,1972,2.491
United States,USA,1973,2.538
United States,USA,1974,2.769
United States,USA,1975,2.988
United States,USA,1976,3.049
United States,USA,1977,3.114
United States,USA,1978,3.14
United States,USA,1979,3.217
United States,USA,1980,3.458
United States,USA,1981,3.579
United States,USA,1982,3.822
United States,USA,1983,3.871
United States,USA,1984,3.786
United States,USA,1985,3.832
United States,USA,1986,3.973
United States,USA,1987,4.101
United States,USA,1988,4.125
United States,USA,1989,4.27
United States,USA,1990,4.541
United States,USA,1991,4.997
United States,USA,1992,5.278
United States,USA,1993,5.525
United States,USA,1994,5.681
United States,USA,1995,5.79
United States,USA,1996,5.773
United States,USA,1997,5.708
United States,USA,1998,5.551
United States,USA,1999,5.494
United States,USA,2000,5.543
United States,USA,2001,5.968
United States,USA,2002,6.326
United States,USA,2003,6.524
United States,USA,2004,6.61
United States,USA,2005,6.63
United States,USA,2006,6.784
United States,USA,2007,6.886
United States,USA,2008,7.197
United States,USA,2009,7.831
United States,USA,2010,7.887
United States,USA,2011,7.875
United States,USA,2012,7.852
United States,USA,2013,7.886
United States,USA,2014,13.329
United States,USA,2015,13.598
United States,USA,2016,13.83
United States,USA,2017,13.796
United States,USA,2018,13.694
United States,USA,2019,13.694
United States,USA,2020,15.694
United States,USA,2021,14.431
United States,USA,2022,13.786
United States,USA,2023,13.898